message_type	message	enc_class	enc_member	offset	path	target_kind	target_class	target_method	target_param	target_index	target_path
RETURN_NULLABLE	returning @Nullable expression from method with @NonNull return type	com.bumptech.glide.Glide	get(android.content.Context)	4996	/tmp/projects/glide/library/src/main/java/com/bumptech/glide/Glide.java	METHOD	com.bumptech.glide.Glide	get(android.content.Context)	null	null	/tmp/projects/glide/library/src/main/java/com/bumptech/glide/Glide.java
PASS_NULLABLE	passing @Nullable parameter 'context' where @NonNull is required	com.bumptech.glide.Glide	getRetriever(android.content.Context)	20046	/tmp/projects/glide/library/src/main/java/com/bumptech/glide/Glide.java	PARAMETER	com.bumptech.glide.Glide	get(android.content.Context)	context	0	/tmp/projects/glide/library/src/main/java/com/bumptech/glide/Glide.java
DEREFERENCE_NULLABLE	dereferenced expression newlyAddedRequestManagerFragment is @Nullable	com.bumptech.glide.manager.RequestManagerRetriever	verifyOurFragmentWasAddedOrCantBeAdded(android.app.FragmentManager,boolean)	22008	/tmp/projects/glide/library/src/main/java/com/bumptech/glide/manager/RequestManagerRetriever.java	null	null	null	null	null	null
DEREFERENCE_NULLABLE	dereferenced expression newlyAddedSupportRequestManagerFragment is @Nullable	com.bumptech.glide.manager.RequestManagerRetriever	verifyOurSupportFragmentWasAddedOrCantBeAdded(androidx.fragment.app.FragmentManager,boolean)	26057	/tmp/projects/glide/library/src/main/java/com/bumptech/glide/manager/RequestManagerRetriever.java	null	null	null	null	null	null
METHOD_NO_INIT	initializer method does not guarantee @NonNull field requestOptions (line 93) is initialized along all control-flow paths (remember to check for exceptions or early returns).	com.bumptech.glide.RequestManager	RequestManager(com.bumptech.glide.Glide,com.bumptech.glide.manager.Lifecycle,com.bumptech.glide.manager.RequestManagerTreeNode,com.bumptech.glide.manager.RequestTracker,com.bumptech.glide.manager.ConnectivityMonitorFactory,android.content.Context)	4360	/tmp/projects/glide/library/src/main/java/com/bumptech/glide/RequestManager.java	null	null	null	null	null	null
PASS_NULLABLE	passing @Nullable parameter 'previous' where @NonNull is required	com.bumptech.glide.RequestBuilder	<Y>into(Y,com.bumptech.glide.request.RequestListener<TranscodeType>,com.bumptech.glide.request.BaseRequestOptions<?>,java.util.concurrent.Executor)	36756	/tmp/projects/glide/library/src/main/java/com/bumptech/glide/RequestBuilder.java	PARAMETER	com.bumptech.glide.request.Request	isEquivalentTo(com.bumptech.glide.request.Request)	other	0	/tmp/projects/glide/library/src/main/java/com/bumptech/glide/request/Request.java
DEREFERENCE_NULLABLE	dereferenced expression previous is @Nullable	com.bumptech.glide.RequestBuilder	<Y>into(Y,com.bumptech.glide.request.RequestListener<TranscodeType>,com.bumptech.glide.request.BaseRequestOptions<?>,java.util.concurrent.Executor)	37545	/tmp/projects/glide/library/src/main/java/com/bumptech/glide/RequestBuilder.java	null	null	null	null	null	null
DEREFERENCE_NULLABLE	dereferenced expression previous is @Nullable	com.bumptech.glide.RequestBuilder	isSkipMemoryCacheWithCompletePreviousRequest(com.bumptech.glide.request.BaseRequestOptions<?>,com.bumptech.glide.request.Request)	38343	/tmp/projects/glide/library/src/main/java/com/bumptech/glide/RequestBuilder.java	null	null	null	null	null	null
PASS_NULLABLE	passing @Nullable parameter 'targetListener' where @NonNull is required	com.bumptech.glide.RequestBuilder	buildRequestRecursive(java.lang.Object,com.bumptech.glide.request.target.Target<TranscodeType>,com.bumptech.glide.request.RequestListener<TranscodeType>,com.bumptech.glide.request.RequestCoordinator,com.bumptech.glide.TransitionOptions<?,? super TranscodeType>,com.bumptech.glide.Priority,int,int,com.bumptech.glide.request.BaseRequestOptions<?>,java.util.concurrent.Executor)	47702	/tmp/projects/glide/library/src/main/java/com/bumptech/glide/RequestBuilder.java	PARAMETER	com.bumptech.glide.RequestBuilder	buildThumbnailRequestRecursive(java.lang.Object,com.bumptech.glide.request.target.Target<TranscodeType>,com.bumptech.glide.request.RequestListener<TranscodeType>,com.bumptech.glide.request.RequestCoordinator,com.bumptech.glide.TransitionOptions<?,? super TranscodeType>,com.bumptech.glide.Priority,int,int,com.bumptech.glide.request.BaseRequestOptions<?>,java.util.concurrent.Executor)	targetListener	2	/tmp/projects/glide/library/src/main/java/com/bumptech/glide/RequestBuilder.java
DEREFERENCE_NULLABLE	dereferenced expression errorBuilder is @Nullable	com.bumptech.glide.RequestBuilder	buildRequestRecursive(java.lang.Object,com.bumptech.glide.request.target.Target<TranscodeType>,com.bumptech.glide.request.RequestListener<TranscodeType>,com.bumptech.glide.request.RequestCoordinator,com.bumptech.glide.TransitionOptions<?,? super TranscodeType>,com.bumptech.glide.Priority,int,int,com.bumptech.glide.request.BaseRequestOptions<?>,java.util.concurrent.Executor)	48111	/tmp/projects/glide/library/src/main/java/com/bumptech/glide/RequestBuilder.java	null	null	null	null	null	null
METHOD_NO_INIT	initializer method does not guarantee @NonNull fields firstFrame (line 52), transformation (line 53) are initialized along all control-flow paths (remember to check for exceptions or early returns).	com.bumptech.glide.load.resource.gif.GifFrameLoader	GifFrameLoader(com.bumptech.glide.load.engine.bitmap_recycle.BitmapPool,com.bumptech.glide.RequestManager,com.bumptech.glide.gifdecoder.GifDecoder,android.os.Handler,com.bumptech.glide.RequestBuilder<android.graphics.Bitmap>,com.bumptech.glide.load.Transformation<android.graphics.Bitmap>,android.graphics.Bitmap)	2602	/tmp/projects/glide/library/src/main/java/com/bumptech/glide/load/resource/gif/GifFrameLoader.java	null	null	null	null	null	null
ASSIGN_FIELD_NULLABLE	assigning @Nullable expression to @NonNull field	com.bumptech.glide.load.resource.gif.GifFrameLoader	recycleFirstFrame()	6662	/tmp/projects/glide/library/src/main/java/com/bumptech/glide/load/resource/gif/GifFrameLoader.java	FIELD	com.bumptech.glide.load.resource.gif.GifFrameLoader	null	firstFrame	null	/tmp/projects/glide/library/src/main/java/com/bumptech/glide/load/resource/gif/GifFrameLoader.java
METHOD_NO_INIT	initializer method does not guarantee @NonNull fields glideContext (line 54), signature (line 55), diskCacheStrategy (line 60), options (line 61), callback (line 62), stage (line 64), runReason (line 65), currentSourceKey (line 71), currentAttemptingKey (line 72), currentDataSource (line 74) are initialized along all control-flow paths (remember to check for exceptions or early returns).	com.bumptech.glide.load.engine.DecodeJob	DecodeJob(com.bumptech.glide.load.engine.DecodeJob.DiskCacheProvider,androidx.core.util.Pools.Pool<com.bumptech.glide.load.engine.DecodeJob<?>>)	3041	/tmp/projects/glide/library/src/main/java/com/bumptech/glide/load/engine/DecodeJob.java	null	null	null	null	null	null
ASSIGN_FIELD_NULLABLE	assigning @Nullable expression to @NonNull field	com.bumptech.glide.load.engine.DecodeJob	releaseInternal()	5831	/tmp/projects/glide/library/src/main/java/com/bumptech/glide/load/engine/DecodeJob.java	FIELD	com.bumptech.glide.load.engine.DecodeJob	null	glideContext	null	/tmp/projects/glide/library/src/main/java/com/bumptech/glide/load/engine/DecodeJob.java
ASSIGN_FIELD_NULLABLE	assigning @Nullable expression to @NonNull field	com.bumptech.glide.load.engine.DecodeJob	releaseInternal()	5856	/tmp/projects/glide/library/src/main/java/com/bumptech/glide/load/engine/DecodeJob.java	FIELD	com.bumptech.glide.load.engine.DecodeJob	null	signature	null	/tmp/projects/glide/library/src/main/java/com/bumptech/glide/load/engine/DecodeJob.java
ASSIGN_FIELD_NULLABLE	assigning @Nullable expression to @NonNull field	com.bumptech.glide.load.engine.DecodeJob	releaseInternal()	5878	/tmp/projects/glide/library/src/main/java/com/bumptech/glide/load/engine/DecodeJob.java	FIELD	com.bumptech.glide.load.engine.DecodeJob	null	options	null	/tmp/projects/glide/library/src/main/java/com/bumptech/glide/load/engine/DecodeJob.java
ASSIGN_FIELD_NULLABLE	assigning @Nullable expression to @NonNull field	com.bumptech.glide.load.engine.DecodeJob	releaseInternal()	5939	/tmp/projects/glide/library/src/main/java/com/bumptech/glide/load/engine/DecodeJob.java	FIELD	com.bumptech.glide.load.engine.DecodeJob	null	callback	null	/tmp/projects/glide/library/src/main/java/com/bumptech/glide/load/engine/DecodeJob.java
ASSIGN_FIELD_NULLABLE	assigning @Nullable expression to @NonNull field	com.bumptech.glide.load.engine.DecodeJob	releaseInternal()	5960	/tmp/projects/glide/library/src/main/java/com/bumptech/glide/load/engine/DecodeJob.java	FIELD	com.bumptech.glide.load.engine.DecodeJob	null	stage	null	/tmp/projects/glide/library/src/main/java/com/bumptech/glide/load/engine/DecodeJob.java
ASSIGN_FIELD_NULLABLE	assigning @Nullable expression to @NonNull field	com.bumptech.glide.load.engine.DecodeJob	releaseInternal()	6033	/tmp/projects/glide/library/src/main/java/com/bumptech/glide/load/engine/DecodeJob.java	FIELD	com.bumptech.glide.load.engine.DecodeJob	null	currentSourceKey	null	/tmp/projects/glide/library/src/main/java/com/bumptech/glide/load/engine/DecodeJob.java
ASSIGN_FIELD_NULLABLE	assigning @Nullable expression to @NonNull field	com.bumptech.glide.load.engine.DecodeJob	releaseInternal()	6086	/tmp/projects/glide/library/src/main/java/com/bumptech/glide/load/engine/DecodeJob.java	FIELD	com.bumptech.glide.load.engine.DecodeJob	null	currentDataSource	null	/tmp/projects/glide/library/src/main/java/com/bumptech/glide/load/engine/DecodeJob.java
DEREFERENCE_NULLABLE	dereferenced expression priority is @Nullable	com.bumptech.glide.load.engine.DecodeJob	getPriority()	6510	/tmp/projects/glide/library/src/main/java/com/bumptech/glide/load/engine/DecodeJob.java	null	null	null	null	null	null
RETURN_NULLABLE	returning @Nullable expression from method with @NonNull return type	com.bumptech.glide.load.engine.DecodeJob	getNextGenerator()	9765	/tmp/projects/glide/library/src/main/java/com/bumptech/glide/load/engine/DecodeJob.java	METHOD	com.bumptech.glide.load.engine.DecodeJob	getNextGenerator()	null	null	/tmp/projects/glide/library/src/main/java/com/bumptech/glide/load/engine/DecodeJob.java
DEREFERENCE_NULLABLE	dereferenced expression fetcher is @Nullable	com.bumptech.glide.load.engine.DecodeJob	<Data>decodeFromData(com.bumptech.glide.load.data.DataFetcher<?>,Data,com.bumptech.glide.load.DataSource)	15916	/tmp/projects/glide/library/src/main/java/com/bumptech/glide/load/engine/DecodeJob.java	null	null	null	null	null	null
DEREFERENCE_NULLABLE	dereferenced expression path is @Nullable	com.bumptech.glide.load.engine.DecodeJob	<Data,ResourceType>runLoadPath(Data,com.bumptech.glide.load.DataSource,com.bumptech.glide.load.engine.LoadPath<Data,ResourceType,R>)	17697	/tmp/projects/glide/library/src/main/java/com/bumptech/glide/load/engine/DecodeJob.java	null	null	null	null	null	null
METHOD_NO_INIT	initializer method does not guarantee @NonNull field toEncode (line 687) is initialized along all control-flow paths (remember to check for exceptions or early returns).	com.bumptech.glide.load.engine.DecodeJob$DeferredEncodeManager	DeferredEncodeManager()	22369	/tmp/projects/glide/library/src/main/java/com/bumptech/glide/load/engine/DecodeJob.java	null	null	null	null	null	null
PASS_NULLABLE	passing @Nullable parameter 'key' where @NonNull is required	com.bumptech.glide.load.engine.DecodeJob$DeferredEncodeManager	encode(com.bumptech.glide.load.engine.DecodeJob.DiskCacheProvider,com.bumptech.glide.load.Options)	22892	/tmp/projects/glide/library/src/main/java/com/bumptech/glide/load/engine/DecodeJob.java	PARAMETER	com.bumptech.glide.load.engine.cache.DiskCache	put(com.bumptech.glide.load.Key,com.bumptech.glide.load.engine.cache.DiskCache.Writer)	key	0	/tmp/projects/glide/library/src/main/java/com/bumptech/glide/load/engine/cache/DiskCache.java
ASSIGN_FIELD_NULLABLE	assigning @Nullable expression to @NonNull field	com.bumptech.glide.load.engine.DecodeJob$DeferredEncodeManager	clear()	23244	/tmp/projects/glide/library/src/main/java/com/bumptech/glide/load/engine/DecodeJob.java	FIELD	com.bumptech.glide.load.engine.DecodeJob$DeferredEncodeManager	null	toEncode	null	/tmp/projects/glide/library/src/main/java/com/bumptech/glide/load/engine/DecodeJob.java
METHOD_NO_INIT	initializer method does not guarantee @NonNull field listener (line 26) is initialized along all control-flow paths (remember to check for exceptions or early returns).	com.bumptech.glide.load.engine.ActiveResources	ActiveResources(boolean,java.util.concurrent.Executor)	1857	/tmp/projects/glide/library/src/main/java/com/bumptech/glide/load/engine/ActiveResources.java	null	null	null	null	null	null
METHOD_NO_INIT	initializer method does not guarantee @NonNull fields key (line 46), resource (line 51), engineResource (line 65), decodeJob (line 69) are initialized along all control-flow paths (remember to check for exceptions or early returns).	com.bumptech.glide.load.engine.EngineJob	EngineJob(com.bumptech.glide.load.engine.executor.GlideExecutor,com.bumptech.glide.load.engine.executor.GlideExecutor,com.bumptech.glide.load.engine.executor.GlideExecutor,com.bumptech.glide.load.engine.executor.GlideExecutor,com.bumptech.glide.load.engine.EngineJobListener,com.bumptech.glide.load.engine.EngineResource.ResourceListener,androidx.core.util.Pools.Pool<com.bumptech.glide.load.engine.EngineJob<?>>,com.bumptech.glide.load.engine.EngineJob.EngineResourceFactory)	3149	/tmp/projects/glide/library/src/main/java/com/bumptech/glide/load/engine/EngineJob.java	null	null	null	null	null	null
ASSIGN_FIELD_NULLABLE	assigning @Nullable expression to @NonNull field	com.bumptech.glide.load.engine.EngineJob	release()	9984	/tmp/projects/glide/library/src/main/java/com/bumptech/glide/load/engine/EngineJob.java	FIELD	com.bumptech.glide.load.engine.EngineJob	null	key	null	/tmp/projects/glide/library/src/main/java/com/bumptech/glide/load/engine/EngineJob.java
ASSIGN_FIELD_NULLABLE	assigning @Nullable expression to @NonNull field	com.bumptech.glide.load.engine.EngineJob	release()	10000	/tmp/projects/glide/library/src/main/java/com/bumptech/glide/load/engine/EngineJob.java	FIELD	com.bumptech.glide.load.engine.EngineJob	null	engineResource	null	/tmp/projects/glide/library/src/main/java/com/bumptech/glide/load/engine/EngineJob.java
ASSIGN_FIELD_NULLABLE	assigning @Nullable expression to @NonNull field	com.bumptech.glide.load.engine.EngineJob	release()	10027	/tmp/projects/glide/library/src/main/java/com/bumptech/glide/load/engine/EngineJob.java	FIELD	com.bumptech.glide.load.engine.EngineJob	null	resource	null	/tmp/projects/glide/library/src/main/java/com/bumptech/glide/load/engine/EngineJob.java
ASSIGN_FIELD_NULLABLE	assigning @Nullable expression to @NonNull field	com.bumptech.glide.load.engine.EngineJob	release()	10222	/tmp/projects/glide/library/src/main/java/com/bumptech/glide/load/engine/EngineJob.java	FIELD	com.bumptech.glide.load.engine.EngineJob	null	decodeJob	null	/tmp/projects/glide/library/src/main/java/com/bumptech/glide/load/engine/EngineJob.java
ASSIGN_FIELD_NULLABLE	assigning @Nullable expression to @NonNull field	com.bumptech.glide.load.engine.DecodeHelper	clear()	2849	/tmp/projects/glide/library/src/main/java/com/bumptech/glide/load/engine/DecodeHelper.java	FIELD	com.bumptech.glide.load.engine.DecodeHelper	null	glideContext	null	/tmp/projects/glide/library/src/main/java/com/bumptech/glide/load/engine/DecodeHelper.java
ASSIGN_FIELD_NULLABLE	assigning @Nullable expression to @NonNull field	com.bumptech.glide.load.engine.DecodeHelper	clear()	2874	/tmp/projects/glide/library/src/main/java/com/bumptech/glide/load/engine/DecodeHelper.java	FIELD	com.bumptech.glide.load.engine.DecodeHelper	null	model	null	/tmp/projects/glide/library/src/main/java/com/bumptech/glide/load/engine/DecodeHelper.java
ASSIGN_FIELD_NULLABLE	assigning @Nullable expression to @NonNull field	com.bumptech.glide.load.engine.DecodeHelper	clear()	2914	/tmp/projects/glide/library/src/main/java/com/bumptech/glide/load/engine/DecodeHelper.java	FIELD	com.bumptech.glide.load.engine.DecodeHelper	null	resourceClass	null	/tmp/projects/glide/library/src/main/java/com/bumptech/glide/load/engine/DecodeHelper.java
ASSIGN_FIELD_NULLABLE	assigning @Nullable expression to @NonNull field	com.bumptech.glide.load.engine.DecodeHelper	clear()	2940	/tmp/projects/glide/library/src/main/java/com/bumptech/glide/load/engine/DecodeHelper.java	FIELD	com.bumptech.glide.load.engine.DecodeHelper	null	transcodeClass	null	/tmp/projects/glide/library/src/main/java/com/bumptech/glide/load/engine/DecodeHelper.java
ASSIGN_FIELD_NULLABLE	assigning @Nullable expression to @NonNull field	com.bumptech.glide.load.engine.DecodeHelper	clear()	2967	/tmp/projects/glide/library/src/main/java/com/bumptech/glide/load/engine/DecodeHelper.java	FIELD	com.bumptech.glide.load.engine.DecodeHelper	null	options	null	/tmp/projects/glide/library/src/main/java/com/bumptech/glide/load/engine/DecodeHelper.java
RETURN_NULLABLE	returning @Nullable expression from method with @NonNull return type	com.bumptech.glide.load.engine.DecodeHelper	getDiskCacheStrategy()	3296	/tmp/projects/glide/library/src/main/java/com/bumptech/glide/load/engine/DecodeHelper.java	METHOD	com.bumptech.glide.load.engine.DecodeHelper	getDiskCacheStrategy()	null	null	/tmp/projects/glide/library/src/main/java/com/bumptech/glide/load/engine/DecodeHelper.java
RETURN_NULLABLE	returning @Nullable expression from method with @NonNull return type	com.bumptech.glide.load.engine.DecodeHelper	getPriority()	3464	/tmp/projects/glide/library/src/main/java/com/bumptech/glide/load/engine/DecodeHelper.java	METHOD	com.bumptech.glide.load.engine.DecodeHelper	getPriority()	null	null	/tmp/projects/glide/library/src/main/java/com/bumptech/glide/load/engine/DecodeHelper.java
RETURN_NULLABLE	returning @Nullable expression from method with @NonNull return type	com.bumptech.glide.load.engine.DecodeHelper	getSignature()	3563	/tmp/projects/glide/library/src/main/java/com/bumptech/glide/load/engine/DecodeHelper.java	METHOD	com.bumptech.glide.load.engine.DecodeHelper	getSignature()	null	null	/tmp/projects/glide/library/src/main/java/com/bumptech/glide/load/engine/DecodeHelper.java
DEREFERENCE_NULLABLE	dereferenced expression transformations is @Nullable	com.bumptech.glide.load.engine.DecodeHelper	<Z>getTransformation(java.lang.Class<Z>)	4572	/tmp/projects/glide/library/src/main/java/com/bumptech/glide/load/engine/DecodeHelper.java	null	null	null	null	null	null
DEREFERENCE_NULLABLE	dereferenced expression listPool is @Nullable	com.bumptech.glide.load.engine.LoadPath	load(com.bumptech.glide.load.data.DataRewinder<Data>,com.bumptech.glide.load.Options,int,int,com.bumptech.glide.load.engine.DecodePath.DecodeCallback<ResourceType>)	2113	/tmp/projects/glide/library/src/main/java/com/bumptech/glide/load/engine/LoadPath.java	null	null	null	null	null	null
DEREFERENCE_NULLABLE	dereferenced expression listPool is @Nullable	com.bumptech.glide.load.engine.DecodePath	decodeResource(com.bumptech.glide.load.data.DataRewinder<DataType>,int,int,com.bumptech.glide.load.Options)	2663	/tmp/projects/glide/library/src/main/java/com/bumptech/glide/load/engine/DecodePath.java	null	null	null	null	null	null
METHOD_NO_INIT	initializer method does not guarantee @NonNull field toWrap (line 29) is initialized along all control-flow paths (remember to check for exceptions or early returns).	com.bumptech.glide.load.engine.LockedResource	LockedResource()	1387	/tmp/projects/glide/library/src/main/java/com/bumptech/glide/load/engine/LockedResource.java	null	null	null	null	null	null
ASSIGN_FIELD_NULLABLE	assigning @Nullable expression to @NonNull field	com.bumptech.glide.load.engine.LockedResource	release()	1606	/tmp/projects/glide/library/src/main/java/com/bumptech/glide/load/engine/LockedResource.java	FIELD	com.bumptech.glide.load.engine.LockedResource	null	toWrap	null	/tmp/projects/glide/library/src/main/java/com/bumptech/glide/load/engine/LockedResource.java
METHOD_NO_INIT	initializer method does not guarantee @NonNull fields priority (line 81), callback (line 82) are initialized along all control-flow paths (remember to check for exceptions or early returns).	com.bumptech.glide.load.model.MultiModelLoader$MultiFetcher	MultiFetcher(java.util.List<com.bumptech.glide.load.data.DataFetcher<Data>>,androidx.core.util.Pools.Pool<java.util.List<java.lang.Throwable>>)	3095	/tmp/projects/glide/library/src/main/java/com/bumptech/glide/load/model/MultiModelLoader.java	null	null	null	null	null	null
METHOD_NO_INIT	initializer method does not guarantee @NonNull fields first (line 9), second (line 10) are initialized along all control-flow paths (remember to check for exceptions or early returns).	com.bumptech.glide.util.MultiClassKey	MultiClassKey()	360	/tmp/projects/glide/library/src/main/java/com/bumptech/glide/util/MultiClassKey.java	null	null	null	null	null	null
METHOD_NO_INIT	initializer method does not guarantee @NonNull fields first (line 9), second (line 10) are initialized along all control-flow paths (remember to check for exceptions or early returns).	com.bumptech.glide.util.MultiClassKey	MultiClassKey(java.lang.Class<?>,java.lang.Class<?>)	415	/tmp/projects/glide/library/src/main/java/com/bumptech/glide/util/MultiClassKey.java	null	null	null	null	null	null
METHOD_NO_INIT	initializer method does not guarantee @NonNull fields first (line 9), second (line 10) are initialized along all control-flow paths (remember to check for exceptions or early returns).	com.bumptech.glide.util.MultiClassKey	MultiClassKey(java.lang.Class<?>,java.lang.Class<?>,java.lang.Class<?>)	520	/tmp/projects/glide/library/src/main/java/com/bumptech/glide/util/MultiClassKey.java	null	null	null	null	null	null
PASS_NULLABLE	passing @Nullable parameter 'fragment.getParentFragmentUsingHint()' where @NonNull is required	com.bumptech.glide.manager.SupportRequestManagerFragment	getDescendantRequestManagerFragments()	3575	/tmp/projects/glide/library/src/main/java/com/bumptech/glide/manager/SupportRequestManagerFragment.java	PARAMETER	com.bumptech.glide.manager.SupportRequestManagerFragment	isDescendant(androidx.fragment.app.Fragment)	fragment	0	/tmp/projects/glide/library/src/main/java/com/bumptech/glide/manager/SupportRequestManagerFragment.java
UNBOX_NULLABLE	unboxing of a @Nullable value	com.bumptech.glide.load.engine.prefill.PreFillQueue	remove()	775	/tmp/projects/glide/library/src/main/java/com/bumptech/glide/load/engine/prefill/PreFillQueue.java	null	null	null	null	null	null
PASS_NULLABLE	passing @Nullable parameter 'resource' where @NonNull is required	com.bumptech.glide.request.target.ThumbnailImageViewTarget	setResource(T)	1530	/tmp/projects/glide/library/src/main/java/com/bumptech/glide/request/target/ThumbnailImageViewTarget.java	PARAMETER	com.bumptech.glide.request.target.ThumbnailImageViewTarget	getDrawable(T)	resource	0	/tmp/projects/glide/library/src/main/java/com/bumptech/glide/request/target/ThumbnailImageViewTarget.java
METHOD_NO_INIT	initializer method does not guarantee @NonNull fields full (line 14), thumb (line 15) are initialized along all control-flow paths (remember to check for exceptions or early returns).	com.bumptech.glide.request.ThumbnailRequestCoordinator	ThumbnailRequestCoordinator(java.lang.Object,com.bumptech.glide.request.RequestCoordinator)	859	/tmp/projects/glide/library/src/main/java/com/bumptech/glide/request/ThumbnailRequestCoordinator.java	null	null	null	null	null	null
PASS_NULLABLE	passing @Nullable parameter 'model' where @NonNull is required	com.bumptech.glide.request.SingleRequest	onSizeReady(int,int)	15032	/tmp/projects/glide/library/src/main/java/com/bumptech/glide/request/SingleRequest.java	PARAMETER	com.bumptech.glide.load.engine.Engine	<R>load(com.bumptech.glide.GlideContext,java.lang.Object,com.bumptech.glide.load.Key,int,int,java.lang.Class<?>,java.lang.Class<R>,com.bumptech.glide.Priority,com.bumptech.glide.load.engine.DiskCacheStrategy,java.util.Map<java.lang.Class<?>,com.bumptech.glide.load.Transformation<?>>,boolean,boolean,com.bumptech.glide.load.Options,boolean,boolean,boolean,boolean,com.bumptech.glide.request.ResourceCallback,java.util.concurrent.Executor)	model	1	/tmp/projects/glide/library/src/main/java/com/bumptech/glide/load/engine/Engine.java
PASS_NULLABLE	passing @Nullable parameter 'dataSource' where @NonNull is required	com.bumptech.glide.request.SingleRequest	onResourceReady(com.bumptech.glide.load.engine.Resource<?>,com.bumptech.glide.load.DataSource,boolean)	19543	/tmp/projects/glide/library/src/main/java/com/bumptech/glide/request/SingleRequest.java	PARAMETER	com.bumptech.glide.request.SingleRequest	onResourceReady(com.bumptech.glide.load.engine.Resource<R>,R,com.bumptech.glide.load.DataSource,boolean)	dataSource	2	/tmp/projects/glide/library/src/main/java/com/bumptech/glide/request/SingleRequest.java
DEREFERENCE_NULLABLE	dereferenced expression e is @Nullable	com.bumptech.glide.request.SingleRequest	onLoadFailed(com.bumptech.glide.load.engine.GlideException,int)	22275	/tmp/projects/glide/library/src/main/java/com/bumptech/glide/request/SingleRequest.java	null	null	null	null	null	null
METHOD_NO_INIT	initializer method does not guarantee @NonNull fields primary (line 15), error (line 16) are initialized along all control-flow paths (remember to check for exceptions or early returns).	com.bumptech.glide.request.ErrorRequestCoordinator	ErrorRequestCoordinator(java.lang.Object,com.bumptech.glide.request.RequestCoordinator)	684	/tmp/projects/glide/library/src/main/java/com/bumptech/glide/request/ErrorRequestCoordinator.java	null	null	null	null	null	null
METHOD_NO_INIT	initializer method does not guarantee @NonNull field wrapped (line 26) is initialized along all control-flow paths (remember to check for exceptions or early returns).	com.bumptech.glide.util.ExceptionCatchingInputStream	ExceptionCatchingInputStream()	1576	/tmp/projects/glide/library/src/main/java/com/bumptech/glide/util/ExceptionCatchingInputStream.java	null	null	null	null	null	null
ASSIGN_FIELD_NULLABLE	assigning @Nullable expression to @NonNull field	com.bumptech.glide.util.ExceptionCatchingInputStream	release()	3150	/tmp/projects/glide/library/src/main/java/com/bumptech/glide/util/ExceptionCatchingInputStream.java	FIELD	com.bumptech.glide.util.ExceptionCatchingInputStream	null	wrapped	null	/tmp/projects/glide/library/src/main/java/com/bumptech/glide/util/ExceptionCatchingInputStream.java
DEREFERENCE_NULLABLE	dereferenced expression COOKIE_CREATOR is @Nullable	com.bumptech.glide.util.pool.GlideTrace	beginSectionAsync(java.lang.String)	1574	/tmp/projects/glide/library/src/main/java/com/bumptech/glide/util/pool/GlideTrace.java	null	null	null	null	null	null
METHOD_NO_INIT	initializer method does not guarantee @NonNull field wrapped (line 29) is initialized along all control-flow paths (remember to check for exceptions or early returns).	com.bumptech.glide.util.ExceptionPassthroughInputStream	ExceptionPassthroughInputStream()	1897	/tmp/projects/glide/library/src/main/java/com/bumptech/glide/util/ExceptionPassthroughInputStream.java	null	null	null	null	null	null
ASSIGN_FIELD_NULLABLE	assigning @Nullable expression to @NonNull field	com.bumptech.glide.util.ExceptionPassthroughInputStream	release()	3398	/tmp/projects/glide/library/src/main/java/com/bumptech/glide/util/ExceptionPassthroughInputStream.java	FIELD	com.bumptech.glide.util.ExceptionPassthroughInputStream	null	wrapped	null	/tmp/projects/glide/library/src/main/java/com/bumptech/glide/util/ExceptionPassthroughInputStream.java
METHOD_NO_INIT	initializer method does not guarantee @NonNull fields loadData (line 40), originalKey (line 41) are initialized along all control-flow paths (remember to check for exceptions or early returns).	com.bumptech.glide.load.engine.SourceGenerator	SourceGenerator(com.bumptech.glide.load.engine.DecodeHelper<?>,com.bumptech.glide.load.engine.DataFetcherGenerator.FetcherReadyCallback)	1765	/tmp/projects/glide/library/src/main/java/com/bumptech/glide/load/engine/SourceGenerator.java	null	null	null	null	null	null
ASSIGN_FIELD_NULLABLE	assigning @Nullable expression to @NonNull field	com.bumptech.glide.load.engine.SourceGenerator	startNext()	3260	/tmp/projects/glide/library/src/main/java/com/bumptech/glide/load/engine/SourceGenerator.java	FIELD	com.bumptech.glide.load.engine.SourceGenerator	null	loadData	null	/tmp/projects/glide/library/src/main/java/com/bumptech/glide/load/engine/SourceGenerator.java
METHOD_NO_INIT	initializer method does not guarantee @NonNull fields sourceKey (line 25), modelLoaders (line 26) are initialized along all control-flow paths (remember to check for exceptions or early returns).	com.bumptech.glide.load.engine.DataCacheGenerator	DataCacheGenerator(java.util.List<com.bumptech.glide.load.Key>,com.bumptech.glide.load.engine.DecodeHelper<?>,com.bumptech.glide.load.engine.DataFetcherGenerator.FetcherReadyCallback)	1514	/tmp/projects/glide/library/src/main/java/com/bumptech/glide/load/engine/DataCacheGenerator.java	null	null	null	null	null	null
PASS_NULLABLE	passing @Nullable parameter 'cacheFile' where @NonNull is required	com.bumptech.glide.load.engine.DataCacheGenerator	startNext()	2804	/tmp/projects/glide/library/src/main/java/com/bumptech/glide/load/engine/DataCacheGenerator.java	PARAMETER	com.bumptech.glide.load.model.ModelLoader	buildLoadData(Model,int,int,com.bumptech.glide.load.Options)	model	0	/tmp/projects/glide/library/src/main/java/com/bumptech/glide/load/model/ModelLoader.java
DEREFERENCE_NULLABLE	dereferenced expression loadData is @Nullable	com.bumptech.glide.load.engine.DataCacheGenerator	onDataReady(java.lang.Object)	3535	/tmp/projects/glide/library/src/main/java/com/bumptech/glide/load/engine/DataCacheGenerator.java	null	null	null	null	null	null
DEREFERENCE_NULLABLE	dereferenced expression loadData is @Nullable	com.bumptech.glide.load.engine.DataCacheGenerator	onLoadFailed(java.lang.Exception)	3702	/tmp/projects/glide/library/src/main/java/com/bumptech/glide/load/engine/DataCacheGenerator.java	null	null	null	null	null	null
DEREFERENCE_NULLABLE	dereferenced expression listener is @Nullable	com.bumptech.glide.load.engine.cache.MemoryCacheAdapter	put(com.bumptech.glide.load.Key,com.bumptech.glide.load.engine.Resource<?>)	834	/tmp/projects/glide/library/src/main/java/com/bumptech/glide/load/engine/cache/MemoryCacheAdapter.java	null	null	null	null	null	null
DEREFERENCE_NULLABLE	dereferenced expression encoder is @Nullable	com.bumptech.glide.load.engine.DataCacheWriter	write(java.io.File)	1085	/tmp/projects/glide/library/src/main/java/com/bumptech/glide/load/engine/DataCacheWriter.java	null	null	null	null	null	null
DEREFERENCE_NULLABLE	dereferenced expression last.key is @Nullable	com.bumptech.glide.load.engine.bitmap_recycle.GroupedLinkedMap	removeLast()	2218	/tmp/projects/glide/library/src/main/java/com/bumptech/glide/load/engine/bitmap_recycle/GroupedLinkedMap.java	null	null	null	null	null	null
DEREFERENCE_NULLABLE	dereferenced expression values is @Nullable	com.bumptech.glide.load.engine.bitmap_recycle.GroupedLinkedMap$LinkedEntry	removeLast()	4026	/tmp/projects/glide/library/src/main/java/com/bumptech/glide/load/engine/bitmap_recycle/GroupedLinkedMap.java	null	null	null	null	null	null
DEREFERENCE_NULLABLE	dereferenced expression evicted is @Nullable	com.bumptech.glide.load.engine.bitmap_recycle.LruArrayPool	evictToSize(int)	5178	/tmp/projects/glide/library/src/main/java/com/bumptech/glide/load/engine/bitmap_recycle/LruArrayPool.java	null	null	null	null	null	null
DEREFERENCE_NULLABLE	dereferenced expression object is @Nullable	com.bumptech.glide.load.engine.bitmap_recycle.LruArrayPool	<T>getAdapterFromObject(T)	6274	/tmp/projects/glide/library/src/main/java/com/bumptech/glide/load/engine/bitmap_recycle/LruArrayPool.java	null	null	null	null	null	null
UNBOX_NULLABLE	unboxing of a @Nullable value	com.bumptech.glide.load.engine.bitmap_recycle.LruArrayPool	getCurrentSize()	7223	/tmp/projects/glide/library/src/main/java/com/bumptech/glide/load/engine/bitmap_recycle/LruArrayPool.java	null	null	null	null	null	null
DEREFERENCE_NULLABLE	dereferenced expression array is @Nullable	com.bumptech.glide.load.engine.bitmap_recycle.IntegerArrayAdapter	getArrayLength(int[])	453	/tmp/projects/glide/library/src/main/java/com/bumptech/glide/load/engine/bitmap_recycle/IntegerArrayAdapter.java	null	null	null	null	null	null
UNBOX_NULLABLE	unboxing of a @Nullable value	com.bumptech.glide.load.engine.bitmap_recycle.SizeStrategy	decrementBitmapOfSize(java.lang.Integer)	2289	/tmp/projects/glide/library/src/main/java/com/bumptech/glide/load/engine/bitmap_recycle/SizeStrategy.java	null	null	null	null	null	null
DEREFERENCE_NULLABLE	dereferenced expression array is @Nullable	com.bumptech.glide.load.engine.bitmap_recycle.ByteArrayAdapter	getArrayLength(byte[])	450	/tmp/projects/glide/library/src/main/java/com/bumptech/glide/load/engine/bitmap_recycle/ByteArrayAdapter.java	null	null	null	null	null	null
PASS_NULLABLE	passing @Nullable parameter 'config' where @NonNull is required	com.bumptech.glide.load.engine.bitmap_recycle.LruBitmapPool	getDirtyOrNull(int,int,android.graphics.Bitmap.Config)	6494	/tmp/projects/glide/library/src/main/java/com/bumptech/glide/load/engine/bitmap_recycle/LruBitmapPool.java	PARAMETER	com.bumptech.glide.load.engine.bitmap_recycle.LruPoolStrategy	logBitmap(int,int,android.graphics.Bitmap.Config)	config	2	/tmp/projects/glide/library/src/main/java/com/bumptech/glide/load/engine/bitmap_recycle/LruPoolStrategy.java
PASS_NULLABLE	passing @Nullable parameter 'config' where @NonNull is required	com.bumptech.glide.load.engine.bitmap_recycle.LruBitmapPool	getDirtyOrNull(int,int,android.graphics.Bitmap.Config)	6774	/tmp/projects/glide/library/src/main/java/com/bumptech/glide/load/engine/bitmap_recycle/LruBitmapPool.java	PARAMETER	com.bumptech.glide.load.engine.bitmap_recycle.LruPoolStrategy	logBitmap(int,int,android.graphics.Bitmap.Config)	config	2	/tmp/projects/glide/library/src/main/java/com/bumptech/glide/load/engine/bitmap_recycle/LruPoolStrategy.java
METHOD_NO_INIT	initializer method does not guarantee @NonNull fields sourceKey (line 26), modelLoaders (line 27), currentKey (line 35) are initialized along all control-flow paths (remember to check for exceptions or early returns).	com.bumptech.glide.load.engine.ResourceCacheGenerator	ResourceCacheGenerator(com.bumptech.glide.load.engine.DecodeHelper<?>,com.bumptech.glide.load.engine.DataFetcherGenerator.FetcherReadyCallback)	1298	/tmp/projects/glide/library/src/main/java/com/bumptech/glide/load/engine/ResourceCacheGenerator.java	null	null	null	null	null	null
PASS_NULLABLE	passing @Nullable parameter 'cacheFile' where @NonNull is required	com.bumptech.glide.load.engine.ResourceCacheGenerator	startNext()	3752	/tmp/projects/glide/library/src/main/java/com/bumptech/glide/load/engine/ResourceCacheGenerator.java	PARAMETER	com.bumptech.glide.load.model.ModelLoader	buildLoadData(Model,int,int,com.bumptech.glide.load.Options)	model	0	/tmp/projects/glide/library/src/main/java/com/bumptech/glide/load/model/ModelLoader.java
DEREFERENCE_NULLABLE	dereferenced expression loadData is @Nullable	com.bumptech.glide.load.engine.ResourceCacheGenerator	onDataReady(java.lang.Object)	4493	/tmp/projects/glide/library/src/main/java/com/bumptech/glide/load/engine/ResourceCacheGenerator.java	null	null	null	null	null	null
DEREFERENCE_NULLABLE	dereferenced expression loadData is @Nullable	com.bumptech.glide.load.engine.ResourceCacheGenerator	onLoadFailed(java.lang.Exception)	4666	/tmp/projects/glide/library/src/main/java/com/bumptech/glide/load/engine/ResourceCacheGenerator.java	null	null	null	null	null	null
DEREFERENCE_NULLABLE	dereferenced expression inputStream is @Nullable	com.bumptech.glide.load.model.DataUrlLoader$StreamFactory$1	close(java.io.InputStream)	4642	/tmp/projects/glide/library/src/main/java/com/bumptech/glide/load/model/DataUrlLoader.java	null	null	null	null	null	null
METHOD_NO_INIT	initializer method does not guarantee @NonNull field model (line 79) is initialized along all control-flow paths (remember to check for exceptions or early returns).	com.bumptech.glide.load.model.ModelCache$ModelKey	ModelKey()	2781	/tmp/projects/glide/library/src/main/java/com/bumptech/glide/load/model/ModelCache.java	null	null	null	null	null	null
UNBOX_NULLABLE	unboxing of a @Nullable value	com.bumptech.glide.load.model.stream.HttpGlideUrlLoader	buildLoadData(com.bumptech.glide.load.model.GlideUrl,int,int,com.bumptech.glide.load.Options)	1906	/tmp/projects/glide/library/src/main/java/com/bumptech/glide/load/model/stream/HttpGlideUrlLoader.java	null	null	null	null	null	null
UNBOX_NULLABLE	unboxing of a @Nullable value	com.bumptech.glide.load.resource.gif.ByteBufferGifDecoder	handles(java.nio.ByteBuffer,com.bumptech.glide.load.Options)	3055	/tmp/projects/glide/library/src/main/java/com/bumptech/glide/load/resource/gif/ByteBufferGifDecoder.java	null	null	null	null	null	null
UNBOX_NULLABLE	unboxing of a @Nullable value	com.bumptech.glide.load.resource.gif.StreamGifDecoder	handles(java.io.InputStream,com.bumptech.glide.load.Options)	1610	/tmp/projects/glide/library/src/main/java/com/bumptech/glide/load/resource/gif/StreamGifDecoder.java	null	null	null	null	null	null
UNBOX_NULLABLE	unboxing of a @Nullable value	com.bumptech.glide.load.resource.DefaultOnHeaderDecodedListener	DefaultOnHeaderDecodedListener(int,int,com.bumptech.glide.load.Options)	2166	/tmp/projects/glide/library/src/main/java/com/bumptech/glide/load/resource/DefaultOnHeaderDecodedListener.java	null	null	null	null	null	null
DEREFERENCE_NULLABLE	dereferenced expression strategy is @Nullable	com.bumptech.glide.load.resource.DefaultOnHeaderDecodedListener	onHeaderDecoded(android.graphics.ImageDecoder,android.graphics.ImageDecoder.ImageInfo,android.graphics.ImageDecoder.Source)	3548	/tmp/projects/glide/library/src/main/java/com/bumptech/glide/load/resource/DefaultOnHeaderDecodedListener.java	null	null	null	null	null	null
PASS_NULLABLE	passing @Nullable parameter 'BitmapResource.obtain(((BitmapDrawable) drawable).getBitmap(), bitmapPool)' where @NonNull is required	com.bumptech.glide.load.resource.transcode.DrawableBytesTranscoder	transcode(com.bumptech.glide.load.engine.Resource<android.graphics.drawable.Drawable>,com.bumptech.glide.load.Options)	1596	/tmp/projects/glide/library/src/main/java/com/bumptech/glide/load/resource/transcode/DrawableBytesTranscoder.java	PARAMETER	com.bumptech.glide.load.resource.transcode.ResourceTranscoder	transcode(com.bumptech.glide.load.engine.Resource<Z>,com.bumptech.glide.load.Options)	toTranscode	0	/tmp/projects/glide/library/src/main/java/com/bumptech/glide/load/resource/transcode/ResourceTranscoder.java
UNBOX_NULLABLE	unboxing of a @Nullable value	com.bumptech.glide.load.resource.bitmap.BitmapEncoder	encode(com.bumptech.glide.load.engine.Resource<android.graphics.Bitmap>,java.io.File,com.bumptech.glide.load.Options)	2906	/tmp/projects/glide/library/src/main/java/com/bumptech/glide/load/resource/bitmap/BitmapEncoder.java	null	null	null	null	null	null
RETURN_NULLABLE	returning @Nullable expression from method with @NonNull return type	com.bumptech.glide.load.resource.bitmap.BitmapTransformation	transform(android.content.Context,com.bumptech.glide.load.engine.Resource<android.graphics.Bitmap>,int,int)	3809	/tmp/projects/glide/library/src/main/java/com/bumptech/glide/load/resource/bitmap/BitmapTransformation.java	METHOD	com.bumptech.glide.load.resource.bitmap.BitmapTransformation	transform(android.content.Context,com.bumptech.glide.load.engine.Resource<android.graphics.Bitmap>,int,int)	null	null	/tmp/projects/glide/library/src/main/java/com/bumptech/glide/load/resource/bitmap/BitmapTransformation.java
UNBOX_NULLABLE	unboxing of a @Nullable value	com.bumptech.glide.load.resource.bitmap.Downsampler	decode(com.bumptech.glide.load.resource.bitmap.ImageReader,int,int,com.bumptech.glide.load.Options,com.bumptech.glide.load.resource.bitmap.Downsampler.DecodeCallbacks)	11716	/tmp/projects/glide/library/src/main/java/com/bumptech/glide/load/resource/bitmap/Downsampler.java	null	null	null	null	null	null
UNBOX_NULLABLE	unboxing of a @Nullable value	com.bumptech.glide.load.resource.bitmap.Downsampler	decode(com.bumptech.glide.load.resource.bitmap.ImageReader,int,int,com.bumptech.glide.load.Options,com.bumptech.glide.load.resource.bitmap.Downsampler.DecodeCallbacks)	11857	/tmp/projects/glide/library/src/main/java/com/bumptech/glide/load/resource/bitmap/Downsampler.java	null	null	null	null	null	null
RETURN_NULLABLE	returning @Nullable expression from method with @NonNull return type	com.bumptech.glide.load.resource.bitmap.Downsampler	decode(com.bumptech.glide.load.resource.bitmap.ImageReader,int,int,com.bumptech.glide.load.Options,com.bumptech.glide.load.resource.bitmap.Downsampler.DecodeCallbacks)	12346	/tmp/projects/glide/library/src/main/java/com/bumptech/glide/load/resource/bitmap/Downsampler.java	METHOD	com.bumptech.glide.load.resource.bitmap.Downsampler	decode(com.bumptech.glide.load.resource.bitmap.ImageReader,int,int,com.bumptech.glide.load.Options,com.bumptech.glide.load.resource.bitmap.Downsampler.DecodeCallbacks)	null	null	/tmp/projects/glide/library/src/main/java/com/bumptech/glide/load/resource/bitmap/Downsampler.java
DEREFERENCE_NULLABLE	dereferenced expression downsampleStrategy is @Nullable	com.bumptech.glide.load.resource.bitmap.Downsampler	calculateScaling(com.bumptech.glide.load.ImageHeaderParser.ImageType,com.bumptech.glide.load.resource.bitmap.ImageReader,com.bumptech.glide.load.resource.bitmap.Downsampler.DecodeCallbacks,com.bumptech.glide.load.engine.bitmap_recycle.BitmapPool,com.bumptech.glide.load.resource.bitmap.DownsampleStrategy,int,int,int,int,int,android.graphics.BitmapFactory.Options)	19657	/tmp/projects/glide/library/src/main/java/com/bumptech/glide/load/resource/bitmap/Downsampler.java	null	null	null	null	null	null
ASSIGN_FIELD_NULLABLE	assigning @Nullable expression to @NonNull field	com.bumptech.glide.load.resource.bitmap.Downsampler	decodeStream(com.bumptech.glide.load.resource.bitmap.ImageReader,android.graphics.BitmapFactory.Options,com.bumptech.glide.load.resource.bitmap.Downsampler.DecodeCallbacks,com.bumptech.glide.load.engine.bitmap_recycle.BitmapPool)	31839	/tmp/projects/glide/library/src/main/java/com/bumptech/glide/load/resource/bitmap/Downsampler.java	FIELD	android.graphics.BitmapFactory$Options	null	inBitmap	null	null
RETURN_NULLABLE	returning @Nullable expression from method with @NonNull return type	com.bumptech.glide.load.resource.bitmap.Downsampler	decodeStream(com.bumptech.glide.load.resource.bitmap.ImageReader,android.graphics.BitmapFactory.Options,com.bumptech.glide.load.resource.bitmap.Downsampler.DecodeCallbacks,com.bumptech.glide.load.engine.bitmap_recycle.BitmapPool)	32172	/tmp/projects/glide/library/src/main/java/com/bumptech/glide/load/resource/bitmap/Downsampler.java	METHOD	com.bumptech.glide.load.resource.bitmap.Downsampler	decodeStream(com.bumptech.glide.load.resource.bitmap.ImageReader,android.graphics.BitmapFactory.Options,com.bumptech.glide.load.resource.bitmap.Downsampler.DecodeCallbacks,com.bumptech.glide.load.engine.bitmap_recycle.BitmapPool)	null	null	/tmp/projects/glide/library/src/main/java/com/bumptech/glide/load/resource/bitmap/Downsampler.java
ASSIGN_FIELD_NULLABLE	assigning @Nullable expression to @NonNull field	com.bumptech.glide.load.resource.bitmap.Downsampler	resetOptions(android.graphics.BitmapFactory.Options)	37115	/tmp/projects/glide/library/src/main/java/com/bumptech/glide/load/resource/bitmap/Downsampler.java	FIELD	android.graphics.BitmapFactory$Options	null	inTempStorage	null	null
ASSIGN_FIELD_NULLABLE	assigning @Nullable expression to @NonNull field	com.bumptech.glide.load.resource.bitmap.Downsampler	resetOptions(android.graphics.BitmapFactory.Options)	37287	/tmp/projects/glide/library/src/main/java/com/bumptech/glide/load/resource/bitmap/Downsampler.java	FIELD	android.graphics.BitmapFactory$Options	null	inPreferredConfig	null	null
ASSIGN_FIELD_NULLABLE	assigning @Nullable expression to @NonNull field	com.bumptech.glide.load.resource.bitmap.Downsampler	resetOptions(android.graphics.BitmapFactory.Options)	37533	/tmp/projects/glide/library/src/main/java/com/bumptech/glide/load/resource/bitmap/Downsampler.java	FIELD	android.graphics.BitmapFactory$Options	null	inPreferredColorSpace	null	null
ASSIGN_FIELD_NULLABLE	assigning @Nullable expression to @NonNull field	com.bumptech.glide.load.resource.bitmap.Downsampler	resetOptions(android.graphics.BitmapFactory.Options)	37589	/tmp/projects/glide/library/src/main/java/com/bumptech/glide/load/resource/bitmap/Downsampler.java	FIELD	android.graphics.BitmapFactory$Options	null	outColorSpace	null	null
ASSIGN_FIELD_NULLABLE	assigning @Nullable expression to @NonNull field	com.bumptech.glide.load.resource.bitmap.Downsampler	resetOptions(android.graphics.BitmapFactory.Options)	37637	/tmp/projects/glide/library/src/main/java/com/bumptech/glide/load/resource/bitmap/Downsampler.java	FIELD	android.graphics.BitmapFactory$Options	null	outConfig	null	null
ASSIGN_FIELD_NULLABLE	assigning @Nullable expression to @NonNull field	com.bumptech.glide.load.resource.bitmap.Downsampler	resetOptions(android.graphics.BitmapFactory.Options)	37762	/tmp/projects/glide/library/src/main/java/com/bumptech/glide/load/resource/bitmap/Downsampler.java	FIELD	android.graphics.BitmapFactory$Options	null	outMimeType	null	null
ASSIGN_FIELD_NULLABLE	assigning @Nullable expression to @NonNull field	com.bumptech.glide.load.resource.bitmap.Downsampler	resetOptions(android.graphics.BitmapFactory.Options)	37806	/tmp/projects/glide/library/src/main/java/com/bumptech/glide/load/resource/bitmap/Downsampler.java	FIELD	android.graphics.BitmapFactory$Options	null	inBitmap	null	null
RETURN_NULLABLE	returning @Nullable expression from method with @NonNull return type	com.bumptech.glide.load.resource.bitmap.DrawableTransformation	transform(android.content.Context,com.bumptech.glide.load.engine.Resource<android.graphics.drawable.Drawable>,int,int)	3038	/tmp/projects/glide/library/src/main/java/com/bumptech/glide/load/resource/bitmap/DrawableTransformation.java	METHOD	com.bumptech.glide.load.resource.bitmap.DrawableTransformation	transform(android.content.Context,com.bumptech.glide.load.engine.Resource<android.graphics.drawable.Drawable>,int,int)	null	null	/tmp/projects/glide/library/src/main/java/com/bumptech/glide/load/resource/bitmap/DrawableTransformation.java
DEREFERENCE_NULLABLE	dereferenced expression buf is @Nullable	com.bumptech.glide.load.resource.bitmap.RecyclableBufferedInputStream	fixMarkLimit()	4022	/tmp/projects/glide/library/src/main/java/com/bumptech/glide/load/resource/bitmap/RecyclableBufferedInputStream.java	null	null	null	null	null	null
ASSIGN_FIELD_NULLABLE	assigning @Nullable expression to @NonNull field	com.bumptech.glide.load.resource.bitmap.RecyclableBufferedInputStream	close()	4523	/tmp/projects/glide/library/src/main/java/com/bumptech/glide/load/resource/bitmap/RecyclableBufferedInputStream.java	FIELD	java.io.FilterInputStream	null	in	null	null
UNBOX_NULLABLE	unboxing of a @Nullable value	com.bumptech.glide.load.resource.bitmap.VideoDecoder	decode(T,int,int,com.bumptech.glide.load.Options)	5991	/tmp/projects/glide/library/src/main/java/com/bumptech/glide/load/resource/bitmap/VideoDecoder.java	null	null	null	null	null	null
ASSIGN_FIELD_NULLABLE	assigning @Nullable expression to @NonNull field	com.bumptech.glide.load.data.BufferedOutputStream	release()	2734	/tmp/projects/glide/library/src/main/java/com/bumptech/glide/load/data/BufferedOutputStream.java	FIELD	com.bumptech.glide.load.data.BufferedOutputStream	null	buffer	null	/tmp/projects/glide/library/src/main/java/com/bumptech/glide/load/data/BufferedOutputStream.java
